id,name,model_id:id,group_id:id,perm_read,perm_write,perm_create,perm_unlink
access_studio_model,Studio Model,model_studio_model,base.group_user,1,1,1,1
access_studio_field,Studio Field,model_studio_field,base.group_user,1,1,1,1
access_studio_automation,Studio Automation,model_studio_automation,base.group_user,1,1,1,1
access_studio_access,Studio Access,model_studio_access,base.group_user,1,1,1,1
access_studio_template,Studio Templates,model_studio_template,base.group_user,1,1,1,1
access_studio_main,Studio Main,model_studio_main,base.group_user,1,1,1,1


